{"version":1.19,"ponyName":"","ponySaveDate":1456330505587,"miniScreenshot":0,"bodyColorStyle":"24","bodyColor1":[0.4470588235294118,0,0.47843137254901963,1],"bodyColor2":[0.30196078431372547,0.29411764705882354,0.28627450980392155,1],"bodyColor3":[0.01568627450980392,0.043137254901960784,0.8117647058823529,1],"lEyeSelect":"0","rEyeSelect":"0","leftEyeHSV":{"0":0.45443299412727356,"1":1.5,"2":0.7607843279838562},"rightEyeHSV":{"0":0.45443299412727356,"1":1.5,"2":0.7607843279838562},"leftEyeColor1":[1,1,1,1],"rightEyeColor1":[1,1,1,1],"leftEyeScale":1,"rightEyeScale":1,"lEyeTx":0,"lEyeTy":0,"rEyeTx":0,"rEyeTy":0,"hairFrontStyle":14,"hairFrontColor1":[0.4509803921568627,0,0.6745098039215687,1],"hairFrontColor2":[0.30196078431372547,0.29411764705882354,0.28627450980392155,1],"hairFrontColor3":[0,0,0,1],"hairBackStyle":0,"hairBackColor1":[0.4496732026143793,0,0.6745098039215687,1],"hairBackColor2":[0.30196078431372547,0.29411764705882354,0.28627450980392155,1],"hairBackColor3":[0,0,0,1],"hairExtratyle":0,"hairExtraColor1":[0.4509803921568627,0,0.6745098039215687,1],"hairExtraColor2":[0.30196078431372547,0.29411764705882354,0.28627450980392155,1],"hairExtraColor3":[0,0,0,1],"tailStyle":14,"tailColor1":[0.30196078431372547,0.29411764705882354,0.28627450980392155,1],"tailColor2":[0.4509803921568627,0,0.6745098039215687,1],"tailColor3":[0,0,0,1],"hornStyle":0,"hornColor1":[0.5,0.5,0.7,1],"hornColor2":[0.64,0.64,0.64,1],"hornColor3":{"0":0,"1":0,"2":0,"3":1},"leftWingStyle":8,"leftWingColor1":[0.44705882352941173,0,0.47843137254901963,1],"leftWingColor2":[0.30196078431372547,0.29411764705882354,0.28627450980392155,1],"leftWingColor3":[0.30196078431372547,0.29411764705882354,0.28627450980392155,1],"rightWingStyle":8,"rightWingColor1":[0.44705882352941173,0,0.47843137254901963,1],"rightWingColor2":[0.30196078431372547,0.29411764705882354,0.28627450980392155,1],"rightWingColor3":[0.30196078431372547,0.29411764705882354,0.28627450980392155,1],"collar1Style":0,"collar1Color1":[1,1,1,1],"collar1Color2":[0.149,0.588,0.796,1],"collar1Color3":[1,0.8,0.41,1],"headgear1Style":0,"headgear1Color1":[1,1,1,1],"headgear1Color2":[0.149,0.588,0.796,1],"headgear1Color3":[1,0.8,0.41,1],"headbandAlength":2,"headbandAStyle":[0,0],"headbandAColor1":[[1,1,1,1],[1,1,1,1]],"headbandAColor2":[[0.149,0.588,0.796,1],[0.149,0.588,0.796,1]],"headbandAColor3":[[1,0.8,0.41,1],[1,0.8,0.41,1]],"accLength":13,"accStyle":[0,0,0,0,0,0,0,0,0,0,0,0,0],"accColor1":[[1,1,1,1],[1,1,1,1],[1,1,1,1],[1,1,1,1],[1,1,1,1],[1,1,1,1],[1,1,1,1],[1,1,1,1],[1,1,1,1],[1,1,1,1],[1,1,1,1],[1,1,1,1],[1,1,1,1]],"accColor2":[[0.149,0.588,0.796,1],[0.149,0.588,0.796,1],[0.149,0.588,0.796,1],[0.149,0.588,0.796,1],[0.149,0.588,0.796,1],[0.149,0.588,0.796,1],[0.149,0.588,0.796,1],[0.149,0.588,0.796,1],[0.149,0.588,0.796,1],[0.149,0.588,0.796,1],[0.149,0.588,0.796,1],[0.149,0.588,0.796,1],[0.149,0.588,0.796,1]],"accColor3":[[1,0.8,0.41,1],[1,0.8,0.41,1],[1,0.8,0.41,1],[1,0.8,0.41,1],[1,0.8,0.41,1],[1,0.8,0.41,1],[1,0.8,0.41,1],[1,0.8,0.41,1],[1,0.8,0.41,1],[1,0.8,0.41,1],[1,0.8,0.41,1],[1,0.8,0.41,1],[1,0.8,0.41,1]],"tongueStyle":1,"tongueColor1":[1,0.53,0.23,1],"tongueColor2":{"0":0,"1":0,"2":0,"3":1},"tongueColor3":{"0":0,"1":0,"2":0,"3":1},"teethStyle":1,"teethColor1":[1,1,1,1],"teethColor2":{"0":0,"1":0,"2":0,"3":1},"teethColor3":{"0":0,"1":0,"2":0,"3":1},"eyelashesStyle":0,"eyelashesColor1":[0,0,0,1],"eyelashesColor2":{"0":0,"1":0,"2":0,"3":1},"eyelashesColor3":{"0":0,"1":0,"2":0,"3":1},"morphValue":[0,"0","0",0,0,0,0,0,0,0,0,0,0,0,0,0,0,0,0,"0","0","0","0.01","0","0","0",0,0,0,0,0,0,0,0,0,0,0,0,"0","0",0,"0",0,0,0,0,0,0,0,0,0,1,0,0,0,0,0,0,1,0,0,0,0,0,0,0,0,0,0,0,0,0,0,0,0,0,0,0,0,0,0,0,0,0,0,0,0,0,0,0,0,0,0,0,0,0,0,0,0,0],"stickerNumber":8,"sticker":[{"id":0,"htmlid":0,"display":false,"src":"js/stickers/blank.png","angle":0,"uscale":0.2,"vscale":0.2,"ut":0.5,"vt":0.5,"reverse":false,"triID":0},{"id":1,"htmlid":0,"display":false,"src":"js/stickers/blank.png","angle":0,"uscale":0.2,"vscale":0.2,"ut":0.5,"vt":0.5,"reverse":false,"triID":0},{"id":2,"htmlid":0,"display":false,"src":"js/stickers/blank.png","angle":0,"uscale":0.2,"vscale":0.2,"ut":0.5,"vt":0.5,"reverse":false,"triID":0},{"id":3,"htmlid":0,"display":false,"src":"js/stickers/blank.png","angle":0,"uscale":0.2,"vscale":0.2,"ut":0.5,"vt":0.5,"reverse":false,"triID":0},{"id":4,"htmlid":0,"display":false,"src":"js/stickers/blank.png","angle":0,"uscale":0.2,"vscale":0.2,"ut":0.5,"vt":0.5,"reverse":false,"triID":0},{"id":5,"htmlid":0,"display":false,"src":"js/stickers/blank.png","angle":0,"uscale":0.2,"vscale":0.2,"ut":0.5,"vt":0.5,"reverse":false,"triID":0},{"id":6,"htmlid":0,"display":false,"src":"js/stickers/blank.png","angle":0,"uscale":0.2,"vscale":0.2,"ut":0.5,"vt":0.5,"reverse":false,"triID":0},{"id":7,"htmlid":0,"display":false,"src":"js/stickers/blank.png","angle":0,"uscale":0.2,"vscale":0.2,"ut":0.5,"vt":0.5,"reverse":false,"triID":0}],"cutieMark":"0","custom_l_CM_angle":0,"custom_l_CM_uscale":0.1,"custom_l_CM_vscale":0.1,"custom_l_CM_reverse":false,"custom_r_CM_angle":0,"custom_r_CM_uscale":0.1,"custom_r_CM_vscale":0.1,"custom_r_CM_reverse":true,"custom_l_CM_ut":0.5,"custom_l_CM_vt":0.5,"custom_r_CM_ut":0.5,"custom_r_CM_vt":0.5,"ponyHeight":0,"hornHeight":"14","leftWingHeight":1,"rightWingHeight":1,"tailWingHeight":1,"headSize":{"0":1,"1":1,"2":1},"jointRotateDegrees":[{"0":0,"1":0,"2":0},{"0":0,"1":-89.80000305175781,"2":77.87999725341797},{"0":0,"1":0,"2":23.770000457763672},{"0":0,"1":0,"2":25.440000534057617},{"0":0,"1":0,"2":47.869998931884766},{"0":0,"1":0,"2":7.300000190734863},{"0":0,"1":0,"2":-104.18000030517578},{"0":0,"1":0,"2":-104.18000030517578},{"0":0,"1":0,"2":-157.5800018310547},{"0":0,"1":0,"2":28.920000076293945},{"0":-8.699999809265137,"1":0,"2":14.289999961853027},{"0":0,"1":0,"2":29.90999984741211},{"0":0,"1":0,"2":22.280000686645508},{"0":0,"1":0,"2":28.920000076293945},{"0":-8.699999809265137,"1":0,"2":14.289999961853027},{"0":0,"1":0,"2":29.90999984741211},{"0":-2,"1":9.380000114440918,"2":-83.86000061035156},{"0":1.3799999952316284,"1":-19.1299991607666,"2":-99.8499984741211},{"0":-6.260000228881836,"1":2.859999895095825,"2":98.61000061035156},{"0":-1.4700000286102295,"1":-10.34000015258789,"2":41.0099983215332},{"0":1.9700000286102295,"1":-9.380000114440918,"2":95.87999725341797},{"0":1.3799999952316284,"1":-19.1299991607666,"2":-99.8499984741211},{"0":-6.260000228881836,"1":2.859999895095825,"2":98.61000061035156},{"0":-1.4700000286102295,"1":-10.34000015258789,"2":41.0099983215332},{"0":7.739999771118164,"1":-1.2400000095367432,"2":167.66000366210938}],"tailjointRotateDegrees":[{"0":32.66701126098633,"1":-110.71549987792969,"2":174.7859649658203},{"0":23.09798240661621,"1":-105.09759521484375,"2":-176.9160919189453},{"0":84.18460083007812,"1":20.098350524902344,"2":-52.012908935546875},{"0":-1.7951903343200684,"1":2.015997886657715,"2":76.44821166992188},{"0":18.439559936523438,"1":2.1057910919189453,"2":-2.4202449321746826},{"0":47.053504943847656,"1":-6.3548479080200195,"2":-13.337722778320312},{"0":84.07565307617188,"1":37.90427017211914,"2":-33.88539505004883},{"0":0.0004687989712692797,"1":0.0006378944963216782,"2":50.13369369506836},{"0":-13.698966026306152,"1":-6.112850666046143,"2":62.35841751098633},{"0":2.8115286827087402,"1":-82.64163970947266,"2":-113.96576690673828}],"lwingjointRotateDegrees":[{"0":0,"1":0,"2":0},{"0":0,"1":0,"2":0},{"0":0,"1":0,"2":0},{"0":0,"1":0,"2":0},{"0":76.55224609375,"1":-61.40521240234375,"2":68.79137420654297},{"0":0.10318360477685928,"1":0.5800023078918457,"2":179.5196990966797},{"0":0.5851160287857056,"1":-89.95487213134766,"2":102.30229949951172}],"rwingjointRotateDegrees":[{"0":0.5846670866012573,"1":-89.952392578125,"2":101.77493286132812},{"0":71.95057678222656,"1":-86.76311492919922,"2":44.358829498291016},{"0":0,"1":0,"2":0},{"0":0,"1":0,"2":0},{"0":0,"1":0,"2":0},{"0":0,"1":0,"2":0}],"animation":"custom","gender":1,"light0A":{"0":0.44999998807907104,"1":0.44999998807907104,