{"version":1.19,"ponyName":"","ponySaveDate":1456333946822,"miniScreenshot":0,"bodyColorStyle":"0","bodyColor1":[0.03529411764705882,0.8235294117647058,0.8509803921568627,1],"bodyColor2":[0.486,0.302,0.812,1],"bodyColor3":[0.215,0.215,0.81,1],"lEyeSelect":"0","rEyeSelect":"0","leftEyeHSV":{"0":0.5288888812065125,"1":1.274999976158142,"2":1},"rightEyeHSV":{"0":0.5288888812065125,"1":1.274999976158142,"2":1},"leftEyeColor1":[1,1,1,1],"rightEyeColor1":[1,1,1,1],"leftEyeScale":1,"rightEyeScale":1,"lEyeTx":0,"lEyeTy":0,"rEyeTx":0,"rEyeTy":0,"hairFrontStyle":46,"hairFrontColor1":[1,0.13725490196078427,0.9686274509803924,1],"hairFrontColor2":[1,0.792156862745098,0.9921568627450982,1],"hairFrontColor3":[1,0.8,0.41,1],"hairBackStyle":46,"hairBackColor1":[1,0.1377551020408163,0.969387755102041,1],"hairBackColor2":[1,0.7914110429447854,0.9938650306748467,1],"hairBackColor3":[1,0.8,0.41,1],"hairExtratyle":0,"hairExtraColor1":[1,0.13725490196078427,0.9686274509803924,1],"hairExtraColor2":[1,0.792156862745098,0.9921568627450982,1],"hairExtraColor3":[1,0.8,0.41,1],"tailStyle":46,"tailColor1":[1,0.1377551020408163,0.969387755102041,1],"tailColor2":[1,0.7914110429447854,0.9938650306748467,1],"tailColor3":[1,0.8,0.41,1],"hornStyle":2,"hornColor1":[0.03529411764705877,0.8235294117647057,0.8509803921568627,1],"hornColor2":[0.019907834101382454,0.46451612903225803,0.48,1],"hornColor3":{"0":0,"1":0,"2":0,"3":1},"leftWingStyle":6,"leftWingColor1":[0.03529411764705877,0.8235294117647057,0.8509803921568627,1],"leftWingColor2":[0,0.9666666666666668,1,1],"leftWingColor3":[0.050000000000000044,0.7150000000000002,1,1],"rightWingStyle":6,"rightWingColor1":[0.03529411764705877,0.8235294117647057,0.8509803921568627,1],"rightWingColor2":[0,0.9666666666666668,1,1],"rightWingColor3":[0.050000000000000044,0.7150000000000002,1,1],"collar1Style":4,"collar1Color1":[1,0.30000000000000004,0.30000000000000004,1],"collar1Color2":[0,0.4666666666666668,1,1],"collar1Color3":[0.9620253164556962,1,0.42194092827004215,1],"headgear1Style":0,"headgear1Color1":[1,1,1,1],"headgear1Color2":[0.149,0.588,0.796,1],"headgear1Color3":[1,0.8,0.41,1],"headbandAlength":2,"headbandAStyle":[0,0],"headbandAColor1":[[1,1,1,1],[1,1,1,1]],"headbandAColor2":[[0.149,0.588,0.796,1],[0.149,0.588,0.796,1]],"headbandAColor3":[[1,0.8,0.41,1],[1,0.8,0.41,1]],"accLength":13,"accStyle":[0,0,0,0,0,0,0,0,0,0,0,0,0],"accColor1":[[1,1,1,1],[1,1,1,1],[1,1,1,1],[1,1,1,1],[1,1,1,1],[1,1,1,1],[1,1,1,1],[1,1,1,1],[1,1,1,1],[1,1,1,1],[1,1,1,1],[1,1,1,1],[1,1,1,1]],"accColor2":[[0.149,0.588,0.796,1],[0.149,0.588,0.796,1],[0.149,0.588,0.796,1],[0.149,0.588,0.796,1],[0.149,0.588,0.796,1],[0.149,0.588,0.796,1],[0.149,0.588,0.796,1],[0.149,0.588,0.796,1],[0.149,0.588,0.796,1],[0.149,0.588,0.796,1],[0.149,0.588,0.796,1],[0.149,0.588,0.796,1],[0.149,0.588,0.796,1]],"accColor3":[[1,0.8,0.41,1],[1,0.8,0.41,1],[1,0.8,0.41,1],[1,0.8,0.41,1],[1,0.8,0.41,1],[1,0.8,0.41,1],[1,0.8,0.41,1],[1,0.8,0.41,1],[1,0.8,0.41,1],[1,0.8,0.41,1],[1,0.8,0.41,1],[1,0.8,0.41,1],[1,0.8,0.41,1]],"tongueStyle":1,"tongueColor1":[1,0.53,0.23,1],"tongueColor2":{"0":0,"1":0,"2":0,"3":1},"tongueColor3":{"0":0,"1":0,"2":0,"3":1},"teethStyle":1,"teethColor1":[1,1,1,1],"teethColor2":{"0":0,"1":0,"2":0,"3":1},"teethColor3":{"0":0,"1":0,"2":0,"3":1},"eyelashesStyle":3,"eyelashesColor1":[0,0,0,1],"eyelashesColor2":{"0":0,"1":0,"2":0,"3":1},"eyelashesColor3":{"0":0,"1":0,"2":0,"3":1},"morphValue":[0,0,0,0,0,0,0,0,0,0,0,0,0,0,0,0,0,0,0,0,0,0,0,0,0,0,0,0,0,0,0,0,0,0,0,0,0,0,0,0,0,0,0,0,0,0,0,0,0,0,"-0.5",0,1,"0.28",0,0,0,0,0,"0","1",0,0,0,0,0,0,0,0,0,0,0,0,0,0,0,0,0,0,0,0,0,0,0,0,0,0,0,0,0,0,0,0,0,0,0,0,0,0,0],"stickerNumber":8,"sticker":[{"id":0,"htmlid":"bolt","display":true,"src":"http://ponylumen.net/games/3d-pony-creator/js/stickers/bolt.png","angle":0,"uscale":0.08333333333333333,"vscale":0.08333333333333333,"ut":0.5,"vt":0.5,"reverse":false,"triID":1273},{"id":1,"htmlid":"freckles2","display":true,"src":"http://ponylumen.net/games/3d-pony-creator/js/stickers/freckles2.png","angle":0,"uscale":0.2,"vscale":0.2,"ut":0.5,"vt":0.5,"reverse":false,"triID":1988},{"id":2,"htmlid":"scar2","display":true,"src":"http://ponylumen.net/games/3d-pony-creator/js/stickers/scar2.png","angle":0,"uscale":0.08333333333333333,"vscale":0.08333333333333333,"ut":0.5,"vt":0.5,"reverse":false,"triID":6130},{"id":3,"htmlid":"star","display":true,"src":"http://ponylumen.net/games/3d-pony-creator/js/stickers/star.png","angle":0,"uscale":0.2,"vscale":0.2,"ut":0.5,"vt":0.5,"reverse":false,"triID":3148},{"id":4,"htmlid":0,"display":false,"src":"js/stickers/blank.png","angle":0,"uscale":0.2,"vscale":0.2,"ut":0.5,"vt":0.5,"reverse":false,"triID":0},{"id":5,"htmlid":0,"display":false,"src":"js/stickers/blank.png","angle":0,"uscale":0.2,"vscale":0.2,"ut":0.5,"vt":0.5,"reverse":false,"triID":0},{"id":6,"htmlid":0,"display":false,"src":"js/stickers/blank.png","angle":0,"uscale":0.2,"vscale":0.2,"ut":0.5,"vt":0.5,"reverse":false,"triID":0},{"id":7,"htmlid":0,"display":false,"src":"js/stickers/blank.png","angle":0,"uscale":0.2,"vscale":0.2,"ut":0.5,"vt":0.5,"reverse":false,"triID":0}],"cutieMark":"0","custom_l_CM_angle":0,"custom_l_CM_uscale":0.1,"custom_l_CM_vscale":0.1,"custom_l_CM_reverse":false,"custom_r_CM_angle":0,"custom_r_CM_uscale":0.1,"custom_r_CM_vscale":0.1,"custom_r_CM_reverse":true,"custom_l_CM_ut":0.5,"custom_l_CM_vt":0.5,"custom_r_CM_ut":0.5,"custom_r_CM_vt":0.5,"ponyHeight":"32","hornHeight":"-55","leftWingHeight":"0.81","rightWingHeight":"0.81","tailWingHeight":1,"headSize":{"0":1,"1":1,"2":1},"jointRotateDegrees":[{"0":0,"1":0,"2":0},{"0":-0.04155407473444939,"1":-89.82958984375,"2":77.88194274902344},{"0":-0.000040639610233483836,"1":0.00005118365152156912,"2":23.76557159423828},{"0":-0.00004156183422310278,"1":0.00005080148912384175,"2":25.443391799926758},{"0":-0.00006670608127024025,"1":0.00007309325155802071,"2":47.87408447265625},{"0":0.000007307579835469369,"1":-0.00011448699660832062,"2":7.304291248321533},{"0":0.000053207939345156774,"1":0.00015940044249873608,"2":-104.17935943603516},{"0":0.000053207939345156774,"1":0.00015940044249873608,"2":-104.17935943603516},{"0":-0.00017694970301818103,"1":-0.000005289525233820314,"2":-157.57997131347656},{"0":0.0019900910556316376,"1":0.0011539619881659746,"2":28.924686431884766},{"0":-8.700124740600586,"1":-0.21465010941028595,"2":14.28782844543457},{"0":-0.000007647136044397485,"1":0.00002863186819013208,"2":29.905437469482422},{"0":0,"1":0,"2":22.276153564453125},{"0":-0.00001475615135859698,"1":0.000057200912124244496,"2":28.924741744995117},{"0":-8.69798469543457,"1":-0.21461033821105957,"2":14.287711143493652},{"0":0,"1":0,"2":29.905433654785156},{"0":-1.9828824996948242,"1":9.378314018249512,"2":-83.86495208740234},{"0":1.375613808631897,"1":-19.131742477416992,"2":-99.8533935546875},{"0":-6.255098342895508,"1":2.8595337867736816,"2":98.6093978881836},{"0":-1.4686908721923828,"1":-10.337983131408691,"2":41.00791931152344},{"0":1.972247838973999,"1":-9.38139820098877,"2":95.87962341308594},{"0":1.3757312297821045,"1":-19.13165855407715,"2":-99.8535385131836},{"0":-6.255016803741455,"1":2.858811855316162,"2":98.60956573486328},{"0":-1.4679944515228271,"1":-10.338044166564941,"2":41.00773239135742},{"0":7.741807460784912,"1":-1.2393463850021362,"2":167.65904235839844}],"tailjointRotateDegrees":[{"0":-15.50698471069336,"1":-1.1396628618240356,"2":79.82344818115234},{"0":2.811959981918335,"1":-82.64205932617188,"2":-113.96640014648438}],"lwingjointRotateDegrees":[{"0":-33.884796142578125,"1":-52.7377815246582,"2":157.62451171875},{"0":-44.18297576904297,"1":-49.47380065917969,"2":-30.659374237060547},{"0":-78.068603515625,"1":89.82414245605469,"2":-89.82420349121094},{"0":-0.006637568585574627,"1":-89.97279357910156,"2":101.81853485107422}],"rwingjointRotateDegrees":[{"0":-51.00172805786133,"1":97.59778594970703,"2":23.394046783447266},{"0":-42.901206970214844,"1":-50.99270248413086,"2":-28.751998901367188},{"0":77.26190185546875,