{"version":1.19,"ponyName":"","ponySaveDate":1456333038886,"miniScreenshot":0,"bodyColorStyle":"1","bodyColor1":[0.49019607843137253,0,0,1],"bodyColor2":[1,0.7333333333333333,0,1],"bodyColor3":[0.215,0.215,0.81,1],"lEyeSelect":"0","rEyeSelect":"0","leftEyeHSV":{"0":0.7288888692855835,"1":1.4700000286102295,"2":0.8100000023841858},"rightEyeHSV":{"0":0.7288888692855835,"1":1.4700000286102295,"2":0.8100000023841858},"leftEyeColor1":[1,1,1,1],"rightEyeColor1":[1,1,1,1],"leftEyeScale":2,"rightEyeScale":1.82,"lEyeTx":0.06599999964237213,"lEyeTy":0,"rEyeTx":-0.07400000095367432,"rEyeTy":0.004000000189989805,"hairFrontStyle":44,"hairFrontColor1":[0.7803921568627451,0.7607843137254902,0.14117647058823538,1],"hairFrontColor2":[0.6392156862745098,0.23137254901960783,0.6274509803921566,1],"hairFrontColor3":[1,0.8,0.41,1],"hairBackStyle":44,"hairBackColor1":[0.78,0.7595811518324607,0.1429319371727748,1],"hairBackColor2":[0.6392156862745098,0.2301176470588235,0.6255790849673203,1],"hairBackColor3":[1,0.8,0.41,1],"hairExtratyle":0,"hairExtraColor1":[0.7803921568627451,0.7607843137254902,0.14117647058823538,1],"hairExtraColor2":[0.6392156862745098,0.23137254901960783,0.6274509803921566,1],"hairExtraColor3":[1,0.8,0.41,1],"tailStyle":44,"tailColor1":[0.78,0.7595811518324607,0.1429319371727748,1],"tailColor2":[0.6392156862745098,0.2301176470588235,0.6255790849673203,1],"tailColor3":[1,0.8,0.41,1],"hornStyle":0,"hornColor1":[0.8,0,0,1],"hornColor2":[0.38,0,0,1],"hornColor3":{"0":0,"1":0,"2":0,"3":1},"leftWingStyle":3,"leftWingColor1":[0.49019607843137253,0,0,1],"leftWingColor2":[0.6392156862745098,0.01917647058823531,0.01917647058823531,1],"leftWingColor3":[0.18000000000000005,0,0,1],"rightWingStyle":3,"rightWingColor1":[0.49019607843137253,0,0,1],"rightWingColor2":[0.6392156862745098,0.01917647058823531,0.01917647058823531,1],"rightWingColor3":[0.18000000000000005,0,0,1],"collar1Style":0,"collar1Color1":[1,1,1,1],"collar1Color2":[0.149,0.588,0.796,1],"collar1Color3":[1,0.8,0.41,1],"headgear1Style":0,"headgear1Color1":[1,1,1,1],"headgear1Color2":[0.149,0.588,0.796,1],"headgear1Color3":[1,0.8,0.41,1],"headbandAlength":2,"headbandAStyle":[0,0],"headbandAColor1":[[1,1,1,1],[1,1,1,1]],"headbandAColor2":[[0.149,0.588,0.796,1],[0.149,0.588,0.796,1]],"headbandAColor3":[[1,0.8,0.41,1],[1,0.8,0.41,1]],"accLength":13,"accStyle":[0,0,0,0,0,0,0,0,0,0,0,0,0],"accColor1":[[1,1,1,1],[1,1,1,1],[1,1,1,1],[1,1,1,1],[1,1,1,1],[1,1,1,1],[1,1,1,1],[1,1,1,1],[1,1,1,1],[1,1,1,1],[1,1,1,1],[1,1,1,1],[1,1,1,1]],"accColor2":[[0.149,0.588,0.796,1],[0.149,0.588,0.796,1],[0.149,0.588,0.796,1],[0.149,0.588,0.796,1],[0.149,0.588,0.796,1],[0.149,0.588,0.796,1],[0.149,0.588,0.796,1],[0.149,0.588,0.796,1],[0.149,0.588,0.796,1],[0.149,0.588,0.796,1],[0.149,0.588,0.796,1],[0.149,0.588,0.796,1],[0.149,0.588,0.796,1]],"accColor3":[[1,0.8,0.41,1],[1,0.8,0.41,1],[1,0.8,0.41,1],[1,0.8,0.41,1],[1,0.8,0.41,1],[1,0.8,0.41,1],[1,0.8,0.41,1],[1,0.8,0.41,1],[1,0.8,0.41,1],[1,0.8,0.41,1],[1,0.8,0.41,1],[1,0.8,0.41,1],[1,0.8,0.41,1]],"tongueStyle":1,"tongueColor1":[1,0.53,0.23,1],"tongueColor2":{"0":0,"1":0,"2":0,"3":1},"tongueColor3":{"0":0,"1":0,"2":0,"3":1},"teethStyle":1,"teethColor1":[1,1,1,1],"teethColor2":{"0":0,"1":0,"2":0,"3":1},"teethColor3":{"0":0,"1":0,"2":0,"3":1},"eyelashesStyle":1,"eyelashesColor1":[0,0,0,1],"eyelashesColor2":{"0":0,"1":0,"2":0,"3":1},"eyelashesColor3":{"0":0,"1":0,"2":0,"3":1},"morphValue":[0,0,0,0,0,0,0,0,0,0,"0.57","0","0","0",0,"0","0","0","0","0.06",0,"0.96","0.08",0,0,0,"0",0,0,0,0,0,0,0,0,0,"0",0,0,0,0,0,0,0,0,0,0,0,0,0,"0.1",0,1,"0.04",0,0,0,0,1,"0","0",0,0,0,0,0,0,0,0,0,0,0,0,0,0,0,0,0,0,0,0,0,0,0,0,0,0,0,0,0,0,0,0,0,0,0,0,0,0,0],"stickerNumber":8,"sticker":[{"id":0,"htmlid":0,"display":false,"src":"js/stickers/blank.png","angle":0,"uscale":0.2,"vscale":0.2,"ut":0.5,"vt":0.5,"reverse":false,"triID":0},{"id":1,"htmlid":0,"display":false,"src":"js/stickers/blank.png","angle":0,"uscale":0.2,"vscale":0.2,"ut":0.5,"vt":0.5,"reverse":false,"triID":0},{"id":2,"htmlid":0,"display":false,"src":"js/stickers/blank.png","angle":0,"uscale":0.2,"vscale":0.2,"ut":0.5,"vt":0.5,"reverse":false,"triID":0},{"id":3,"htmlid":0,"display":false,"src":"js/stickers/blank.png","angle":0,"uscale":0.2,"vscale":0.2,"ut":0.5,"vt":0.5,"reverse":false,"triID":0},{"id":4,"htmlid":0,"display":false,"src":"js/stickers/blank.png","angle":0,"uscale":0.2,"vscale":0.2,"ut":0.5,"vt":0.5,"reverse":false,"triID":0},{"id":5,"htmlid":0,"display":false,"src":"js/stickers/blank.png","angle":0,"uscale":0.2,"vscale":0.2,"ut":0.5,"vt":0.5,"reverse":false,"triID":0},{"id":6,"htmlid":0,"display":false,"src":"js/stickers/blank.png","angle":0,"uscale":0.2,"vscale":0.2,"ut":0.5,"vt":0.5,"reverse":false,"triID":0},{"id":7,"htmlid":0,"display":false,"src":"js/stickers/blank.png","angle":0,"uscale":0.2,"vscale":0.2,"ut":0.5,"vt":0.5,"reverse":false,"triID":0}],"cutieMark":"0","custom_l_CM_angle":0,"custom_l_CM_uscale":0.1,"custom_l_CM_vscale":0.1,"custom_l_CM_reverse":false,"custom_r_CM_angle":0,"custom_r_CM_uscale":0.1,"custom_r_CM_vscale":0.1,"custom_r_CM_reverse":true,"custom_l_CM_ut":0.5,"custom_l_CM_vt":0.5,"custom_r_CM_ut":0.5,"custom_r_CM_vt":0.5,"ponyHeight":"2","hornHeight":0,"leftWingHeight":"0.89","rightWingHeight":"0.9","tailWingHeight":1,"headSize":{"0":1,"1":1,"2":1},"jointRotateDegrees":[{"0":0,"1":0,"2":0},{"0":-0.04155407473444939,"1":-89.82958984375,"2":77.88194274902344},{"0":-0.000040639610233483836,"1":0.00005118365152156912,"2":23.76557159423828},{"0":-0.00004156183422310278,"1":0.00005080148912384175,"2":25.443391799926758},{"0":-0.00006670608127024025,"1":0.00007309325155802071,"2":47.87408447265625},{"0":0.000007307579835469369,"1":-0.00011448699660832062,"2":7.304291248321533},{"0":0.000053207939345156774,"1":0.00015940044249873608,"2":-104.17935943603516},{"0":0.000053207939345156774,"1":0.00015940044249873608,"2":-104.17935943603516},{"0":-0.00017694970301818103,"1":-0.000005289525233820314,"2":-157.57997131347656},{"0":0.0019900910556316376,"1":0.0011539619881659746,"2":28.924686431884766},{"0":-8.700124740600586,"1":-0.21465010941028595,"2":14.28782844543457},{"0":-0.000007647136044397485,"1":0.00002863186819013208,"2":29.905437469482422},{"0":0,"1":0,"2":22.276153564453125},{"0":-0.00001475615135859698,"1":0.000057200912124244496,"2":28.924741744995117},{"0":-8.69798469543457,"1":-0.21461033821105957,"2":14.287711143493652},{"0":0,"1":0,"2":29.905433654785156},{"0":-1.9828824996948242,"1":9.378314018249512,"2":-83.86495208740234},{"0":1.375613808631897,"1":-19.131742477416992,"2":-99.8533935546875},{"0":-6.255098342895508,"1":2.8595337867736816,"2":98.6093978881836},{"0":-1.4686908721923828,"1":-10.337983131408691,"2":41.00791931152344},{"0":1.972247838973999,"1":-9.38139820098877,"2":95.87962341308594},{"0":1.3757312297821045,"1":-19.13165855407715,"2":-99.8535385131836},{"0":-6.255016803741455,"1":2.858811855316162,"2":98.60956573486328},{"0":-1.4679944515228271,"1":-10.338044166564941,"2":41.00773239135742},{"0":7.741807460784912,"1":-1.2393463850021362,"2":167.65904235839844}],"tailjointRotateDegrees":[{"0":-18.258939743041992,"1":-8.238758087158203,"2":62.7113151550293},{"0":2.811556577682495,"1":-82.6416244506836,"2":-113.96580505371094}],"lwingjointRotateDegrees":[{"0":42.20793914794922,"1":7.024285316467285,"2":-0.002222181996330619},{"0":-20.327308654785156,"1":-7.492306232452393,"2":2.617745876312256},{"0":-76.16802978515625,"1":60.746212005615234,"2":-110.46736145019531},{"0":-0.006637568585574627,"1":-89.97279357910156,"2":101.81853485107422}],"rwingjointRotateDegrees":[{"0":41.88011932373047,"1":7.5634894371032715,"2":0.9727796316146851},{"0":-20.17021369934082,"1":-7.365176677703857,"2":1.8228822946548462},{"0":76.55229949951172,"1":-61.40452194213867,"2":68.79206848144531},{"0":-0.006637568585574627,"1":-89.97279357910156,"2":101.81853485107422}],"animation":"custom","gender":2,"light0A":{"0":0.44999998807907104,"1":0.44999998807907104,"2":0.44999998807907104},"light0D":{"0":0.5,